,stock AMZN_log_value,stock BBY_log_value,stock BOA_log_value,stock CLF_log_value,stock DOV_log_value,stock FOX_log_value,stock JPM_log_value,sp_index_log_value,option_spx_logimplvol_mtau_1,option_spx_logimplvol_mtau_2,option_spx_logimplvol_mtau_3,option_spx_logimplvol_mtau_4,option_spx_logimplvol_mtau_5,option_spx_logimplvol_mtau_6,option_spx_logimplvol_mtau_7,option_spx_logimplvol_mtau_8,option_spx_logimplvol_mtau_9,option_spx_logimplvol_mtau_10,option_spx_logimplvol_mtau_11,option_spx_logimplvol_mtau_12,option_spx_logimplvol_mtau_13,option_spx_logimplvol_mtau_14,option_spx_logimplvol_mtau_15,option_spx_logimplvol_mtau_16,option_spx_logimplvol_mtau_17,option_spx_logimplvol_mtau_18,option_spx_logimplvol_mtau_19,option_spx_logimplvol_mtau_20,option_spx_logimplvol_mtau_21,option_spx_logimplvol_mtau_22,option_spx_logimplvol_mtau_23,option_spx_logimplvol_mtau_24,option_spx_logimplvol_mtau_25,option_spx_logimplvol_mtau_26,option_spx_logimplvol_mtau_27,option_spx_logimplvol_mtau_28,option_spx_logimplvol_mtau_29,option_spx_logimplvol_mtau_30,option_spx_logimplvol_mtau_31,option_spx_logimplvol_mtau_32,option_spx_logimplvol_mtau_33,option_spx_logimplvol_mtau_34,option_spx_logimplvol_mtau_35,option_spx_logimplvol_mtau_36,option_spx_logimplvol_mtau_37,option_spx_logimplvol_mtau_38,option_spx_logimplvol_mtau_39,option_spx_logimplvol_mtau_40,option_spx_logimplvol_mtau_41,option_spx_logimplvol_mtau_42,option_spx_logimplvol_mtau_43,option_spx_logimplvol_mtau_44,option_spx_logimplvol_mtau_45,option_spx_logimplvol_mtau_46,option_spx_logimplvol_mtau_47,option_spx_logimplvol_mtau_48,option_spx_logimplvol_mtau_49,option_spx_logimplvol_mtau_50,option_spx_logimplvol_mtau_51,option_spx_logimplvol_mtau_52,option_spx_logimplvol_mtau_53,option_spx_logimplvol_mtau_54,option_spx_logimplvol_mtau_55,option_spx_logimplvol_mtau_56,option_spx_logimplvol_mtau_57,option_spx_logimplvol_mtau_58,option_spx_logimplvol_mtau_59,option_spx_logimplvol_mtau_60,option_spx_logimplvol_mtau_61,option_spx_logimplvol_mtau_62,option_spx_logimplvol_mtau_63,option_spx_logimplvol_mtau_64,option_spx_logimplvol_mtau_65,option_spx_logimplvol_mtau_66,option_spx_logimplvol_mtau_67,option_spx_logimplvol_mtau_68,option_spx_logimplvol_mtau_69,option_spx_logimplvol_mtau_70,option_spx_logimplvol_mtau_71,option_spx_logimplvol_mtau_72,option_spx_logimplvol_mtau_73,option_spx_logimplvol_mtau_74,option_spx_logimplvol_mtau_75,option_spx_logimplvol_mtau_76,option_spx_logimplvol_mtau_77,option_spx_logimplvol_mtau_78,option_spx_logimplvol_mtau_79,option_spx_logimplvol_mtau_80,option_spx_logimplvol_mtau_81,option_spx_logimplvol_mtau_82,option_spx_logimplvol_mtau_83,option_spx_logimplvol_mtau_84,option_spx_logimplvol_mtau_85,option_spx_logimplvol_mtau_86,option_spx_logimplvol_mtau_87,option_spx_logimplvol_mtau_88,option_spx_logimplvol_mtau_89,option_spx_logimplvol_mtau_90
a,0.014217941595346603,1e-20,0.1373897828526029,0.09799108502153416,0.09726622916363535,0.1135079343416543,0.08978348700395702,0.01,,,,,,,,,,,,,,,,,,,,,,,,,,,,,,,,,,,,,,,,,,,,,,,,,,,,,,,,,,,,,,,,,,,,,,,,,,,,,,,,,,,,,,,,,,
b,0.93578207129125,1e-20,0.8126102171476333,0.8520091082542505,0.8527337708363645,0.8364920656583469,0.8602165129960428,0.94,,,,,,,,,,,,,,,,,,,,,,,,,,,,,,,,,,,,,,,,,,,,,,,,,,,,,,,,,,,,,,,,,,,,,,,,,,,,,,,,,,,,,,,,,,
c,2.4192267228484673e-05,0.0005366759456898867,3.640896523724661e-05,4.9009211213298524e-05,1.715339674132601e-05,1.727891974599331e-05,2.1366602645821936e-05,7.045683253623811e-06,,,,,,,,,,,,,,,,,,,,,,,,,,,,,,,,,,,,,,,,,,,,,,,,,,,,,,,,,,,,,,,,,,,,,,,,,,,,,,,,,,,,,,,,,,
mu,0.0012414159577945076,-0.0011030446048821362,-0.0004244734011859336,0.0008027086793371545,0.0008892728972418532,0.0012217653418361183,0.0005112689592768925,0.00042018976044983885,,,,,,,,,,,,,,,,,,,,,,,,,,,,,,,,,,,,,,,,,,,,,,,,,,,,,,,,,,,,,,,,,,,,,,,,,,,,,,,,,,,,,,,,,,
